;;url
;;https://www.foxigy.ro/p/cric-hidraulic-cursa-de-profil-redus-3t
;;https://www.foxigy.ro/p/perete-cort-rosu-cu-usa-3x4-5-m-sq-hq-exq
;;https://www.foxigy.ro/p/pasta-pentru-curatarea-mainilor-500-ml
;;https://www.foxigy.ro/p/perete-cort-rosu-cu-fereastra-3x6-m-sq-hq-exq
;;https://www.foxigy.ro/p/dezumidificator-auto
;;https://www.foxigy.ro/p/perete-cort-verde-complet-2-5x2-5-m-sq-hq-exq
;;https://www.foxigy.ro/p/perete-cort-alb-cu-fereastra-3x4-5-m-sq-hq-exq
;;https://www.foxigy.ro/p/cric-hidraulic-cu-cursa-2-5-t
;;https://www.foxigy.ro/p/statie-de-sablare-76l-typ-1
;;https://www.foxigy.ro/p/presa-hidraulica-20t-resser
;;https://www.foxigy.ro/p/dispozitiv-hidraulic-pentru-indoit-tevi-12t
;;https://www.foxigy.ro/p/presa-hidraulica-12t-resser
;;https://www.foxigy.ro/p/pistol-de-sablare-pentru-statia-mobila-de-19-38-76-litri-carmax
;;https://www.foxigy.ro/p/tava-pentru-portbagaj-citroen-saxo
;;https://www.foxigy.ro/p/tava-pentru-portbagaj-vw-golf-4-hb
;;https://www.foxigy.ro/p/plasa-umbrire-verde-1-5m-x-25m-60-grad-de-umbrire
;;https://www.foxigy.ro/p/prelata-verde-argintie-10x20-m-130-g-m2
;;https://www.foxigy.ro/p/pistol-cu-aer-cald-2000w-350-600-c
;;https://www.foxigy.ro/p/furtun-cu-perie-pentru-cuva-spalat-piese
;;https://www.foxigy.ro/p/bmw-e-46-4d
;;https://www.foxigy.ro/p/pompa-picior-1-piston-l-sk-1283
;;https://www.foxigy.ro/p/tava-pentru-portbagaj-citroen-c3-2009
;;https://www.foxigy.ro/p/cheie-pentru-desurubarea-tijelor-de-directie
;;https://www.foxigy.ro/p/pompa-pentru-masina-de-spalat-piese-completa
;;https://www.foxigy.ro/p/suport-de-perete-pentru-4-anvelope-1
;;https://www.foxigy.ro/p/cort-de-petrecere-5x12m-premium-constructie-tubulara-de-otel-alb-rosu
;;https://www.foxigy.ro/p/pompa-pentru-masina-de-spalat-piese
;;https://www.foxigy.ro/p/set-de-linguri-pentru-instalatii-sanitare-13-buc
;;https://www.foxigy.ro/p/convertor-de-tensiune-auto-700w-12v-230v
;;https://www.foxigy.ro/p/cric-cutie-de-viteze-pedala-750-kg
;;https://www.foxigy.ro/p/pompa-vacuum
;;https://www.foxigy.ro/p/set-extractor-cu-ciocan-culisant
;;https://www.foxigy.ro/p/structura-extreme-quality-3x3-m
;;https://www.foxigy.ro/p/garaj-auto-tip-cort-3-3-x-6-2-m-pe-material
;;https://www.foxigy.ro/p/cort-pavilion-2x3-camuflaj-sq
;;https://www.foxigy.ro/p/perete-cort-complet-alb-2x3-m-sq-hq-exq
;;https://www.foxigy.ro/p/set-manometru-pentru-masurare-scurgeri-si-presiune-sistem-climatizare-aer-conditionat-albastru
;;https://www.foxigy.ro/p/recuperator-ulei
;;https://www.foxigy.ro/p/cric-hidraulic-pneumatic-22t
;;https://www.foxigy.ro/p/alcooltest-digital-l-sk-1512
;;https://www.foxigy.ro/p/acoperis-cort-pavilion-3x6-m-sq-hq-exq-1
;;https://www.foxigy.ro/p/prelata-albastra-3x4-m-45-g-m2
;;https://www.foxigy.ro/p/adaptor-traversa-pentru-cric-hidraulic
;;https://www.foxigy.ro/p/prelata-albastra-4x6-m-45-g-m2
;;https://www.foxigy.ro/p/stabilirea-ambelor-capete
;;https://www.foxigy.ro/p/husa-mobilier-gradina-210x156x61-cm
;;https://www.foxigy.ro/p/prelata-albastra-5x8-m-45-g-m2
;;https://www.foxigy.ro/p/perete-cort-albastru-cu-usa-3x3-m-sq-hq-exq
;;https://www.foxigy.ro/p/prelata-albastra-6x10-m-45-g-m2
;;https://www.foxigy.ro/p/extractor-pentru-bratul-stergatorului-16mm
;;https://www.foxigy.ro/p/prelata-albastra-6x12-m-45-g-m2
;;https://www.foxigy.ro/p/plasa-umbrire-neagra-1-5m-x-25m-90-umbra
;;https://www.foxigy.ro/p/acoperis-cort-albastru-3x3-sq-hq-exq
;;https://www.foxigy.ro/p/prelata-albastra-8x10-m-45-g-m2
;;https://www.foxigy.ro/p/prelata-albastra-12x18-m-45-g-m2
;;https://www.foxigy.ro/p/cort-pavilion-3x3-m-rosu-tytan
;;https://www.foxigy.ro/p/cric-balon-pneumatic-4t
;;https://www.foxigy.ro/p/presa-mecanica-1t
;;https://www.foxigy.ro/p/cort-pavilion-3x3-m-alb-tytan
;;https://www.foxigy.ro/p/perete-cort-cu-fereastra-verde-3x4-5-m-sq-hq-exq
;;https://www.foxigy.ro/p/presa-hidraulica-8t-g02094
;;https://www.foxigy.ro/p/cort-pavilion-3x4-5-m-verde-tytan
;;https://www.foxigy.ro/p/cort-pavilion-3x4-5-m-bej-tytan
;;https://www.foxigy.ro/p/cort-pavilion-3x6-m-verde-tytan
;;https://www.foxigy.ro/p/cort-pavilion-2x3-albastru-hq
;;https://www.foxigy.ro/p/stetoscop
;;https://www.foxigy.ro/p/tava-pentru-lichid-16l
;;https://www.foxigy.ro/p/cort-pavilion-3x6-m-bej-tytan
;;https://www.foxigy.ro/p/perete-cort-cu-latime-3-metri-cu-carlig-verde-sq-hq-exq
;;https://www.foxigy.ro/p/perete-cort-cu-fereastra-latime-4-5-metri-verde-sq-hq-exq
;;https://www.foxigy.ro/p/plasa-de-protectie-si-umbrire-verde-2m-x-50m-60-grad-de-umbrire
;;https://www.foxigy.ro/p/set-tester-pentru-sincronizare-carburatoratoare-manometre-reducere
;;https://www.foxigy.ro/p/cort-pavilion-2x3-neagra-hq
;;https://www.foxigy.ro/p/saibe-pentru-presare
;;https://www.foxigy.ro/p/motocositoare-40-cm-carcasa-metalica-cu-actionare-jg
;;https://www.foxigy.ro/p/plasa-de-protectie-si-umbrire-2m-x-25m-90-grad-de-umbrire
;;https://www.foxigy.ro/p/cort-pavilion-3x4-5-neagra-hq
;;https://www.foxigy.ro/p/masina-de-tuns-iarba-46-cm-cu-roti-jg
;;https://www.foxigy.ro/p/extractor-universal-vw-skoda-audi-seat-1
;;https://www.foxigy.ro/p/masina-de-tuns-iarba-51-cm-6v1-cu-unitate-jg
;;https://www.foxigy.ro/p/cort-pavilion-3x4-5-m-rosu-tytan
;;https://www.foxigy.ro/p/aparat-de-spalat-cu-presiune-1600w-compact-1
;;https://www.foxigy.ro/p/aspirator-de-cenusa-18l
;;https://www.foxigy.ro/p/cort-pavilion-de-gradina-3x3m-pliabil-3-pereti-albastru-inchis
;;https://www.foxigy.ro/p/filtru-pentru-aspirator-de-cenusa-20-22l
;;https://www.foxigy.ro/p/cort-de-petreceri-4x6m-professional-constructie-tubulara-din-otel-alb
;;https://www.foxigy.ro/p/conducta-de-scurgere-2-m-neagra
;;https://www.foxigy.ro/p/trusa-presa-etrieri-frane-35-buc
;;https://www.foxigy.ro/p/trusa-de-scule-pentru-instalatii-sanitare-9-piese
;;https://www.foxigy.ro/p/masina-de-tuns-iarba-51-cm-cu-unitate-loncin
;;https://www.foxigy.ro/p/cort-pavilion-3x3-bej-professional-quality
;;https://www.foxigy.ro/p/set-burghiu-conic
;;https://www.foxigy.ro/p/extensor-hidraulic-al-caroseriei
;;https://www.foxigy.ro/p/pistol-profesional-cu-lance-pentru-curatatoarele-de-inalta-presiune-m22-280bar
;;https://www.foxigy.ro/p/pistol-pentru-curatator-de-inalta-presiune-150-bar
;;https://www.foxigy.ro/p/plasa-agrotextila-1-6-x-50-m-94-g-m2
;;https://www.foxigy.ro/p/plasa-agrotextila-1-1-x-50-m-70-g-m2
;;https://www.foxigy.ro/p/cort-pavilion-3x6-m-verde-all-in-one
;;https://www.foxigy.ro/p/cort-pavilion-3x3-maro-sq
;;https://www.foxigy.ro/p/masina-de-tuns-iarba-1600w-40cm
;;https://www.foxigy.ro/p/cort-pavilion-3x6-bej-professional-quality